{"data":[{"banner_url":"/yuandan.jpg","data_type":40,"date":"2017-01-01","icon":"","skip_url":"http://htmlshow.yitianyike.com/gratitude.html?datetime=2017-04-01&type=0","source":" 新年的意义对每一个民族来说是不同的，中国和埃及的新年之始庆祝一个季节的到来；犹太人的新年只是忏悔；基督徒的新年则意味着感恩，勉励弟兄姐妹要做一个懂得恩典的人，在新的一年当中，更加爱主，更加蒙主的眷顾。","zh_name":"元旦"},{"banner_url":"/nation/chunjie.png","data_type":40,"date":"2017-01-28","icon":"","skip_url":"http://htmlshow.yitianyike.com/gratitude.html?datetime=2017-04-01&type=0","source":"春节是指汉字文化圈传统上的农历新年，俗称“年节”，传统名称为新年、大年、新岁，但口头上又称度岁、庆新岁、过年，是中华民族最隆重的传统佳节。春节与清明节、端午节、中秋节并称为中国四大传统节日。","zh_name":"春节"},{"banner_url":"/nation/qingming.jpg","data_type":40,"date":"2017-04-04","icon":"","skip_url":"http://htmlshow.yitianyike.com/gratitude.html?datetime=2017-04-01&type=0","source":"清明节又叫踏青节，在仲春与暮春之交，也就是冬至后的第108天。是中国传统节日，也是最重要的祭祀节日之一，是祭祖和扫墓的日子 。清明节与春节、端午节、中秋节并称为中国汉族的四大传统节日。","zh_name":"清明节"},{"banner_url":"/nation/duanwu.jpg","data_type":40,"date":"2017-05-30","icon":"","skip_url":"http://htmlshow.yitianyike.com/gratitude.html?datetime=2017-04-01&type=0","source":"端午节为每年农历五月初五，又称端阳节、午日节、五月节等。“端午节”为中国国家法定节假日之一，并已被列入世界非物质文化遗产名录。端午节与春节、清明节、中秋节并称为中国汉族的四大传统节日。","zh_name":"端午节"},{"banner_url":"/midautumnfestival.jpg","data_type":40,"date":"2017-10-04","icon":"","skip_url":"http://htmlshow.yitianyike.com/gratitude.html?datetime=2017-04-01&type=0","source":"中秋节，又称月夕、秋节、仲秋节、八月节、八月会、追月节、玩月节、拜月节、女儿节或团圆节，是流行于中国众多民族与汉字文化圈诸国的传统文化节日，时在农历八月十五；因其恰值三秋之半，故名，也有些地方将中秋节定在八月十六。中秋节与端午节、春节、清明节并称为中国四大传统节日。中秋节以月之圆兆人之团圆，为寄托思念故乡，思念亲人之情，祈盼丰收、幸福，成为丰富多彩、弥足珍贵的文化遗产。","zh_name":"中秋节"},{"banner_url":"/nation/guoqing.jpg","data_type":40,"date":"2017-10-01","icon":"","skip_url":"http://htmlshow.yitianyike.com/gratitude.html?datetime=2017-04-01&type=0","source":"中华人民共和国国庆节是中华人民共和国的建立纪念日。又称十一、国庆节、国庆日、中国国庆节。中央人民政府宣布自1950年起，以每年的10月1日，为中华人民共和国宣告成立的日子，即国庆日。","zh_name":"国庆节"},{"banner_url":"/worldcancerday.jpg","data_type":40,"date":"2017-02-04","icon":"","skip_url":"http://htmlshow.yitianyike.com/gratitude.html?datetime=2017-04-01&type=0","source":"世界癌症日是由国际抗癌联盟（UICC）于2000年发起，活动时间定于每年的2月4日，旨在倡导新的方法促进各组织间的合作，加快癌症研究、预防及治疗等领域的进展，为人类造福。预防癌症和提高癌症患者生活质量。 ","zh_name":"世界癌症日"},{"banner_url":"/women'sday.jpg","data_type":40,"date":"2017-03-08","icon":"","skip_url":"http://htmlshow.yitianyike.com/gratitude.html?datetime=2017-04-01&type=0","source":"国际劳动妇女节（International Working Women's Day，简写IWD）全称“联合国妇女权益和国际和平日”/“联合国女权和国际和平日”，在中国又称“国际妇女节”、“三八节”和“三八妇女节”，是为庆祝妇女在经济、政治和社会等领域做出的重要贡献和取得的巨大成就而设立的节日。","zh_name":"国际妇女节"},{"banner_url":"/international/oceans-day.jpg","data_type":40,"date":"2017-03-22","icon":"","skip_url":"http://htmlshow.yitianyike.com/gratitude.html?datetime=2017-04-01&type=0","source":"“世界水日”的确立，是有背景的：一切社会和经济活动都极大地依赖淡水的供应量和质量，随着人口增长和经济发展，许多国家将陷入缺水的困境，经济发展将受到限制；推动水的保护和持续性管理需要地方一级、全国一级、地区间、国际间的公众意识。","zh_name":"世界水日"},{"banner_url":"/international/world-book-copyrigth.jpg","data_type":40,"date":"2017-04-23","icon":"","skip_url":"http://htmlshow.yitianyike.com/gratitude.html?datetime=2017-04-01&type=0","source":"世界读书日全称为世界图书与版权日，又称“世界图书日”。最初的创意来自于国际出版商协会。1995年11月15日正式确定每年4月23日为“世界图书与版权日”，设立目的是推动更多的人去阅读和写作，希望所有人都能尊重和感谢为人类文明做出过巨大贡献的文学、文化、科学、思想大师们，保护知识产权。","zh_name":"世界读书日"},{"banner_url":"/international/world-notobacco-day.jpg","data_type":40,"date":"2017-05-31","icon":"","skip_url":"http://htmlshow.yitianyike.com/gratitude.html?datetime=2017-04-01&type=0","source":"1987年11月，世界卫生组织在日本东京举行的第6届吸烟与健康国际会议上建议把每年的4月7日定为世界无烟日（World No-Tobacco Day），并从1988年开始执行。从1989年开始，世界无烟日改为每年的5月31日。选择5月31日作为世界无烟日是因为第二天是国际儿童节，希望下一代免受烟草危害。","zh_name":"世界无烟日"},{"banner_url":"/international/int-youth-day.jpg","data_type":40,"date":"2017-08-12","icon":"","skip_url":"http://htmlshow.yitianyike.com/gratitude.html?datetime=2017-04-01&type=0","source":"国际青年日是全世界革命青年反帝国主义、反军国主义、反世界大战的纪念日。","zh_name":"国际青年节"},{"banner_url":"/international/int-day-of-peacej.jpg","data_type":40,"date":"2017-09-21","icon":"","skip_url":"http://htmlshow.yitianyike.com/gratitude.html?datetime=2017-04-01&type=0","source":"2001年9月7日，联合国大会通过55/282号决议，决定自2002年起，国际和平日为9月21日。决议中提到：“宣布此后，国际和平日应成为全球停火和非暴力日，并邀请所有国家和人民在这一天停止敌对行动。”55/282号决议还邀请所有会员国、联合国系统各组织、区域组织和非政府组织以及个人以各种适当方式（包括教育和公众宣传）庆祝国际和平日并同联合国合作实现全球停火。","zh_name":"国际和平日"},{"banner_url":"/international/syria-dst-2009.jpg","data_type":40,"date":"2017-06-08","icon":"","skip_url":"http://htmlshow.yitianyike.com/gratitude.html?datetime=2017-04-01&type=0","source":"联合国于第63届联合国大会上将每年的6月8日确定为“世界海洋日”（World Ocean Day）。联合国秘书长潘基文就此发表致辞时指出，人类活动正在使海洋世界付出可怕的代价，个人和团体都有义务保护海洋环境，认真管理海洋资源。","zh_name":"世界海洋日"},{"banner_url":"/international/un-world-teachers-day.jpg","data_type":40,"date":"2017-10-05","icon":"","skip_url":"http://htmlshow.yitianyike.com/gratitude.html?datetime=2017-04-01&type=0","source":"每年10月5日的国际教师节是由联合国教科文组织发起的，旨在认可全世界教师为教育事业所做出的贡献。目前有100多个国家在这天庆祝这一节日。国际教师节的宗旨是提高人们对教师为教育事业所做贡献的认识和评价。","zh_name":"世界教师节"},{"banner_url":"/international/un-pneumonia-day.jpg","data_type":40,"date":"2017-11-12","icon":"","skip_url":"http://htmlshow.yitianyike.com/gratitude.html?datetime=2017-04-01&type=0","source":"世界肺炎日是每年11月12日举行提高对肺炎的认识,促进预防和治疗,产生行动对抗疾病。","zh_name":"世界肺炎日"},{"banner_url":"/international/world-aids-day.jpg","data_type":40,"date":"2017-12-01","icon":"","skip_url":"http://htmlshow.yitianyike.com/gratitude.html?datetime=2017-04-01&type=0","source":"为提高人们对艾滋病的认识，世界卫生组织于1988年1月将每年的12月1日定为世界艾滋病日，号召世界各国和国际组织在这一天举办相关活动，宣传和普及预防艾滋病的知识。2011年11月，相关专家表示，自“关艾计划”启动后，已有3000多名基层艾滋病医生接受培训，而2012年的主题将是倡议治疗与预防同步。","zh_name":"世界艾滋病日"},{"banner_url":"/usa/fireworks-usa.jpg","data_type":40,"date":"2017-01-01","icon":"","skip_url":"http://htmlshow.yitianyike.com/gratitude.html?datetime=2017-04-01&type=0","source":"新年，即一年的第一天，为世界多数国家通行的节日。世界各国，特别是古代都有不同的日期，现代世界多数国家为公元制纪年的1月1日。在中国古代，也称元旦，现代将“元旦”称为公历新年，将“春节”称为农历新年。当日，人们会以各种不同的方式庆祝新年的到来。","zh_name":"新年"},{"banner_url":"/usa/shrove-tuesday-usa.jpg","data_type":40,"date":"2017-02-26","icon":"","skip_url":"http://htmlshow.yitianyike.com/gratitude.html?datetime=2017-04-01&type=0","source":"狂欢节，通常是基督教四旬斋前饮宴和狂欢的节日，原由主节一直延长到四旬节前一天，如今通常只限四旬节前几天。盛行于欧美地区。 许多国家都有一个传统的狂欢节节日，化妆舞会、彩车游行、假面具和宴会是狂欢节的几大特色，它起源于非基督徒的节日庆典，如希腊酒神节、古罗马农神节和牧神节以及凯尔特人的宗教仪式等。一般在2、3月份举行。","zh_name":"狂欢节"},{"banner_url":"/valentine'sday.jpg","data_type":40,"date":"2017-02-14","icon":"","skip_url":"http://htmlshow.yitianyike.com/gratitude.html?datetime=2017-04-01&type=0","source":"情人节又叫圣瓦伦丁节或圣华伦泰节，即每年的2月14日，是西方的传统节日之一。这是一个关于爱、浪漫的节日。男女在这一天互送礼物用以表达爱意或友好。情人节的晚餐约会通常代表了情侣关系的发展关键。现已成为欧美各国青年人喜爱的节日，其他国家也已开始流行。","zh_name":"情人节"},{"banner_url":"/usa/ascension-day.jpg","data_type":40,"date":"2017-04-16","icon":"","skip_url":"http://htmlshow.yitianyike.com/gratitude.html?datetime=2017-04-01&type=0","source":"基督徒认为，复活节象征着重生与希望，为纪念耶稣基督于公元30到33年之间被钉死在十字架之后第三天复活的日子。","zh_name":"复活节"},{"banner_url":"/mother'sday.jpg","data_type":40,"date":"2017-05-14","icon":"","skip_url":"http://htmlshow.yitianyike.com/gratitude.html?datetime=2017-04-01&type=0","source":" 孟子曰：“老吾老以及人之老”。母亲节，我们不但要用真心真诚给母亲送上节日的祝福，更要关注社会上那些孤寡老人、留守老人，用我们的爱和微笑，用我们的真诚和暖意，去给这样需要帮助的“母亲们”尽上一份心意，这才是对母亲节意义精神最好的发展光大。这样的母亲节才真正令人难忘和回味无穷！","zh_name":"母亲节"},{"banner_url":"/thanksgivingday.jpg","data_type":40,"date":"2017-11-23","icon":"","skip_url":"http://htmlshow.yitianyike.com/gratitude.html?datetime=2017-04-01&type=0","source":"多少年来，庆祝感恩节的习俗代代相传，无论在岩石嶙峋的西海岸还是在风光旖旎的夏威夷，人们几乎在以同样的方式欢度感恩节，感恩节是不论何种信仰、何种民族的美国人都庆祝的传统节日，是一项愉快的庆祝活动，是一个家庭团聚的日子，是重叙友情的时刻。在那一天，就是单身汉也总是被邀请到别人的家里，同大家一起分享感恩的欢乐，并且感谢上帝的恩惠。这也是感恩节的意义所在。","zh_name":"感恩节"},{"banner_url":"/christmasday.jpg","data_type":40,"date":"2017-12-25","icon":"","skip_url":"http://htmlshow.yitianyike.com/gratitude.html?datetime=2017-04-01&type=0","source":"圣诞节（Christmas）又称耶诞节，译名为“基督弥撒”，是西方传统节日，在每年12月25日。弥撒是教会的一种礼拜仪式。圣诞节是一个宗教节，因为把它当作耶稣的诞辰来庆祝，故名“耶诞节”，圣诞节也是西方世界以及其他很多地区的公共假日，例如：在亚洲的香港、澳门、马来西亚和新加坡。圣经实际上并无记载耶稣诞生日期，圣诞节是后人公定的。","zh_name":"圣诞节"},{"banner_url":"/legal/wuyi.jpg","data_type":40,"date":"2017-05-01","icon":"","skip_url":"http://htmlshow.yitianyike.com/gratitude.html?datetime=2017-04-01&type=0","source":"五一国际劳动节又称“国际劳动节”、“劳动节”、“国际示威游行日”，是世界上80多个国家的全国性节日，定在每年的五月一日。它是全世界劳动人民共同拥有的节日。","zh_name":"劳动节"},{"banner_url":"/DoubleSeventhFestival.jpg","data_type":40,"date":"2017-08-28","icon":"","skip_url":"http://htmlshow.yitianyike.com/gratitude.html?datetime=2017-04-01&type=0","source":"七夕文化中的牛郎织女神话传说歌颂了忠贞不渝的婚爱观，体现了人们对理想爱情的向往和追求，它传承发扬了中华民族优良的传统美德，体现的是一种强烈的责任心。弘扬牛郎织女故事传说倡导的追求美好生活和坚贞爱情的婚姻爱情观，在当前西方文化的冲击下，具有重要的现实意义。七夕文化中的乞巧、祈福活动体现了中华民族勤劳智慧、自强不息、勇于创造，不断追求更加幸福美好生活的精神。现在的七夕有活跃情侣之间的关系，保持社会和谐；带动七夕相关产品的销售促进经济发展，促进GDP增长，促进货币流通的社会意义。","zh_name":"七夕节"},{"banner_url":"/ChristmasEve.jpg","data_type":40,"date":"2017-12-24","icon":"","skip_url":"http://htmlshow.yitianyike.com/gratitude.html?datetime=2017-04-01&type=0","source":"平安夜的意义，是迎接第二天圣诞节的到来，分享一年来生活中的喜怒哀乐，表达内心的祝福及爱。诞节是救世主耶稣基督的生日.是为了纪念耶稣降生而定的节日，正是因为耶稣基督的降生,人类才有了拯救的盼望.所以才将这个伟大的夜晚定为平安夜.真正的平安是心里的平安,是在一个人灵魂深处的平安.是无论在任何人生的环境中,在任何人生的风浪中都不会惊慌失措的.因为他灵魂有拯救,他的去处是天堂而不是地狱.金钱不能给人类平安,许多有钱的人心里并不平安;地位不能给人类平安,知识也不能给人类平安,健康也不能给人平安.当有一天你的金钱离开你的时候,你的事业失败的时候,你心爱的人离开你的时候,或者疾病落在你身上的时候,你会失去平安,你会失去心灵那份依靠.因为他不知道将来的灵魂会去哪里?他们害怕死亡,害怕下地狱.中国人们也会在平安夜的时候相互赠送苹果，来希望全家平安康健。\r\n","zh_name":"平安夜"},{"banner_url":"/LongtaitouFestival.jpg","data_type":40,"date":"2017-02-27","icon":"","skip_url":"http://htmlshow.yitianyike.com/gratitude.html?datetime=2017-04-01&type=0","source":"民间有习惯,每到二月二这一天,人们就爆玉米花,也有炒豆的。其意是预祝当年五谷丰登,仓囤盈满.节日时,各地也普遍把食品名称加上“龙”的头衔.吃水饺叫吃“龙耳”；吃春饼叫吃“龙鳞”；吃面条叫吃“龙须”；吃米饭叫吃“龙子”；吃馄饨叫吃“龙眼”。从科学角度看,农历二月初二还是“惊蛰”前后,大地开始解冻,天气逐渐转暖,农民告别农闲,开始下地劳作了.所以,古时把“二月二”又叫做“上二日”.因此,盛行于我国民间的春龙节,在古时又称“春耕节”.据说,这一天如果还没有醒的话,那轰轰隆隆的雷声就要来呼唤它了.剪头发,因为正月内剪头不吉利,而一个月不理发又很难受,故大家都在正月过完后的二月初纷纷理发. 二月二，龙抬头，金银财宝向家流，好运今年起好头；二月二，剃剃头，剃掉烦恼和忧愁，欢乐幸福好兆头；二月二，抬抬头，好事双双牵你手，前途光明有奔头；二月二祝大家生活甜蜜在心头，事业更上一层楼！\r\n","zh_name":"龙抬头"},{"banner_url":"/theLabaRicePorridgeFestival.jpg","data_type":40,"date":"2017-01-05","icon":"","skip_url":"http://htmlshow.yitianyike.com/gratitude.html?datetime=2017-04-01&type=0","source":"腊八节，俗称“腊八”，汉族传统节日，民间流传着吃“腊八粥”，泡腊八蒜的风俗。在河南等地，腊八粥又称“大家饭”，是纪念民族英雄岳飞的一种节日食俗。相传在腊八粥熬好之后，要先敬神祭祖。之后要赠送亲友，一定要在中午之前送出去。最后才是全家人食用。吃剩的腊八粥，保存着吃了几天还有剩下来的，却是好兆头，取其“年年有余”的意义。如果把粥送给穷苦的人吃，那更是为自己积德。现在民间煮食“腊八粥”，有教育子女勤俭持家、反对好逸恶劳之意义，还有盼望五谷丰登之意。","zh_name":"腊八节"},{"banner_url":"/Confucius'sbirthday.jpg","data_type":40,"date":"2017-09-28","icon":"","skip_url":"http://htmlshow.yitianyike.com/gratitude.html?datetime=2017-04-01&type=0","source":"孔子是伟大的思想家、教育家、政治家,他和儒家思想对中国和朝鲜半岛、日本、越南等地区有深远的影响,值得我们纪念，孔子的学说涵 盖政治、思想、文化、教育、伦理道德等各个领域，成为中国传统 文化的代表，孔子的教育思想将形上理想与形下履践结合为一体， 既有丰厚的文化底蕴，又有鲜活的人本精神，显示出永久的生命力。纪念孔子诞辰，对传统文化复兴意义深远，从党情看，执政需要汲取传统力量，从国情看，治理需要文化支撑，从世情看，和平需要东方智慧。习近平说，研究孔子、研究儒学，是认识中国人的民族特性、认识当今中国人精神世界历史来由的一个重要途径。只有坚持从历史走向未来，从延续民族文化血脉中开拓前进，我们才能做好今天的事业。\r\n","zh_name":"孔子诞辰日"},{"banner_url":"/AntiJapaneseWarVictoryDay.jpg","data_type":40,"date":"2017-09-03","icon":"","skip_url":"http://htmlshow.yitianyike.com/gratitude.html?datetime=2017-04-01&type=0","source":"铭记历史、缅怀先烈、珍爱和平、开创未来，中国人民比历史上任何时期都更接近民族复兴的伟大梦想，越是在这样的时候，越是要铭记历史，越不能忘记我们所走过的艰辛曲折的道路，越不能忘记无数英烈先辈所作出的贡献和付出的牺牲，在铭记历史中砥砺民族复兴的坚强信念，弘扬以爱国主义为核心的伟大民族精神，13亿人民就必定能完成几代中国人的夙愿，实现中华民族伟大复兴的梦想。","zh_name":"抗战胜利纪念日"},{"banner_url":"/918.jpg","data_type":40,"date":"2017-09-18","icon":"","skip_url":"http://htmlshow.yitianyike.com/gratitude.html?datetime=2017-04-01&type=0","source":"9月18日被中国人认为是“国耻日”，中国民间要求将9月18日订为国耻日。沈阳从1995年始，每年在9月18日晚上鸣响防空警报3分钟，以警示民众勿忘国耻。这个日子凝聚了我们中华民族不屈不挠、同仇敌忾、万众一心、誓死抗战的勇气，这个日子是中华民族的血铸之魂。","zh_name":"九一八"},{"banner_url":"/ArmyDay.jpg","data_type":40,"date":"2017-08-01","icon":"","skip_url":"http://htmlshow.yitianyike.com/gratitude.html?datetime=2017-04-01&type=0","source":"“前事不忘，后事之师。”一个国家的人们如果没有崇军尚武的爱国精神和情怀做基础，这是很可怕的，长此以往，遭受屈辱的历史必将重演。因此说，我们首先应该牢记八一建军节这个庄严神圣的节日，我们所表达的也不应该仅仅是对军人的尊敬和对军人的祝福，还应该有热爱祖国和献身祖国建设的赤子情怀。\r\n八一不仅是军人的节日，更是我们全体国人的盛大节日，愿大家都能充分的意识到这一点，积极行动起来，致力于培养高尚的爱国主义情操，形成拥军爱民的良好风尚，惟有如此，中华民族伟大复兴的梦想才会更快实现。\r\n","zh_name":"建军节"},{"banner_url":"/Theparty'sDay.jpg","data_type":40,"date":"2017-07-01","icon":"","skip_url":"http://htmlshow.yitianyike.com/gratitude.html?datetime=2017-04-01&type=0","source":"通过全面回顾党的光辉历程，描绘建党以来的辉煌成果，弘扬党的丰功伟绩，引导广大党员和全体师生了解党、热爱党、拥护党；激励广大基层党组织和共产党员继承和发扬党的光荣传统，解放思想、与时俱进、永葆先进性；激发教育工作者和青少年投身世纪伟业。这是一次面向全体党员、师生“知党爱党”的学习实践活动，是一次面向广大未成年人的大型党史国情教育，它对于师生深入领会邓小平理论、“三个代表”重要思想和科学发展观的科学内涵，进一步增强对党对祖国、对人民、对社会主义的深厚感情，激发他们树立民族自豪感和历史责任感，都有十分重要的意义。\r\n","zh_name":"建党节"},{"banner_url":"/jiaoshijie.jpg","data_type":40,"date":"2017-09-10","icon":"","skip_url":"http://htmlshow.yitianyike.com/gratitude.html?datetime=2017-04-01&type=0","source":"教师的工作在很大程度上决定着我们国家的未来，教师的工作同每个家庭、每个儿童、少年、青年息息相关，在人类社会的发展和进步中，教师起着巨大的作用。教师是铸造人类文明的工程师，是人类文明的传播者和建设者。人类文明发展的连续性，有赖于一代又一代的教师的劳动。一个社会、一个国家、一个民族，如果没有教师辛勤的、有效的劳动，那么，这个社会、国家和民族的文明进程就会遭受损失。所以，一部文明史，离开教师的因素，是不可想象的。","zh_name":"中国教师节"},{"banner_url":"/xiangganghuigui.jpg","data_type":40,"date":"2017-07-01","icon":"","skip_url":"http://htmlshow.yitianyike.com/gratitude.html?datetime=2017-04-01&type=0","source":"香港的回归有利于推进祖国的和平统一大业，促进我国的社会主义现代化建设，有利于促进香港地区的繁荣稳定与发展。香港回归十余年，在一国两制、港人治港、高度自治的方针下，香港发展走向日益繁荣，香港回归是一国两制伟大构想的成功实践，通过香港回归的实践证明邓小平提出这一政策是英明正确的，同时为澳门问题的解决以及澳门的回归提供了实践的范本，最终也为解决台湾问题实现中国完全统一留下了一笔宝贵的财富，香港的顺利回归不仅是给西方大国以有力的回击，而且香港回归的成功实践也为世界许多国家和地区解决类似问题提供了实例，对世界政治发展具有重大意义。","zh_name":"香港回归纪念日"},{"banner_url":"/chuxi.jpg","data_type":40,"date":"2017-01-27","icon":"","skip_url":"http://htmlshow.yitianyike.com/gratitude.html?datetime=2017-04-01&type=0","source":"除夕是指农历每年末最后一天的晚上，即大年初一前夜。因常在夏历腊月二十九或三十日，故又称该日为年三十，是汉族最重要的传统节日之一。汉族民间最为重视。家家户户忙忙碌碌或清扫庭舍，迎祖宗回家过年，并以年糕、三牲奉祀。年的最后一天叫“岁除”，那天晚上叫“除夕”。除夕人们往往通宵不眠，叫守岁。除夕这一天，家里家外不但要打扫得干干净净，还要贴门神、贴春联、贴年画、挂灯笼。除夕这一天对华人来说是极为重要的。这一天人们准备除旧迎新，吃团圆饭。家庭是华人社会的基石，一年一度的团年饭充分表现出中华民族家庭成员的互敬互爱，这种互敬互爱使一家人之间的关系更为紧密。家人的团聚往往令一家之主在精神上得到安慰与满足，老人家眼看儿孙满堂，一家大小共叙天伦，过去的关怀与抚养子女所付出的心血总算没有白费，这是何等的幸福。","zh_name":"除夕"}],"more":0,"sub_aid":101,"type":7}