[{"animals_year":"鸡","avoid":"动土.作灶.行丧.安葬.修坟.","data_type":14,"date":"2017-10-01","lunar":"八月十二","lunar_year":"丁酉年","skip_url":"/h5","suit":"祭祀.祈福.求嗣.出行.沐浴.交易.扫舍.教牛马."},{"animals_year":"鸡","avoid":"造庙.安门.行丧.安葬.","data_type":14,"date":"2017-10-02","lunar":"八月十三","lunar_year":"丁酉年","skip_url":"/h5","suit":"出行.解除.纳采.冠笄.雕刻.修造.动土.起基.上梁.合脊.安床.移徙.入宅.开市.栽种.作厕."},{"animals_year":"鸡","avoid":"嫁娶.安葬.","data_type":14,"date":"2017-10-03","lunar":"八月十四","lunar_year":"丁酉年","skip_url":"/h5","suit":"祭祀.沐浴.解除.理发.冠笄.安机械.作灶.造仓.开市.开池.作厕.补垣.塞穴.断蚁.结网."},{"animals_year":"鸡","avoid":"嫁娶.入宅.","data_type":14,"date":"2017-10-04","lunar":"八月十五","lunar_year":"丁酉年","skip_url":"/h5","suit":"祭祀.沐浴.修饰垣墙.平治道涂."},{"animals_year":"鸡","avoid":"入宅.伐木.","data_type":14,"date":"2017-10-05","lunar":"八月十六","lunar_year":"丁酉年","skip_url":"/h5","suit":"祭祀.会亲友.纳采.嫁娶.开光.塑绘.斋醮.安香.开市.立券.除服.成服.入殓.移柩.安葬.赴任.进人口.出行.裁衣.修造.动土.上梁.经络.交易."},{"animals_year":"鸡","avoid":"作灶.祭祀.入宅.嫁娶.","data_type":14,"date":"2017-10-06","lunar":"八月十七","lunar_year":"丁酉年","skip_url":"/h5","suit":"祭祀.冠笄.会亲友.拆卸.起基.除服.成服.移柩.启攒.安葬.沐浴.捕捉.开光.塑绘."},{"animals_year":"鸡","avoid":"移徙.入宅.出行.栽种.","data_type":14,"date":"2017-10-07","lunar":"八月十八","lunar_year":"丁酉年","skip_url":"/h5","suit":"祭祀.沐浴.破屋.坏垣.余事勿取."},{"animals_year":"鸡","avoid":"嫁娶.入宅.上梁.出行.安葬.","data_type":14,"date":"2017-10-08","lunar":"八月十九","lunar_year":"丁酉年","skip_url":"/h5","suit":"祭祀.沐浴.破屋.坏垣.余事勿取."},{"animals_year":"鸡","avoid":"祈福.斋醮.纳采.订盟.嫁娶.入宅.安葬.","data_type":14,"date":"2017-10-09","lunar":"八月廿十","lunar_year":"丁酉年","skip_url":"/h5","suit":"祭祀.求嗣.冠笄.进人口.会亲友.安门.安床.经络.纳财.牧养.畋猎.放水.割蜜."},{"animals_year":"鸡","avoid":"探病.纳畜.伐木.起基.作梁.造屋.","data_type":14,"date":"2017-10-10","lunar":"八月廿一","lunar_year":"丁酉年","skip_url":"/h5","suit":"嫁娶.纳采.订盟.开市.交易.立券.挂匾.祭祀.祈福.开光.造车器.挂匾.出行.入宅.移徙.安床.安门.拆卸.修造.动土.栽种.安葬.破土.启攒.除服.成服.入殓.立碑."},{"animals_year":"鸡","avoid":"嫁娶.开市.开池.作厕.破土.","data_type":14,"date":"2017-10-11","lunar":"八月廿二","lunar_year":"丁酉年","skip_url":"/h5","suit":"祭祀.冠笄.移徙.会亲友.纳财.理发.捕捉."},{"animals_year":"鸡","avoid":"安门.安床.裁衣.入宅.安葬.","data_type":14,"date":"2017-10-12","lunar":"八月廿三","lunar_year":"丁酉年","skip_url":"/h5","suit":"祭祀.祈福.求嗣.斋醮.开光.出行.嫁娶.求医.治病.动土.破土.入学.起基.扫舍.竖柱.上梁.开仓.出货财.置产.栽种.牧养.开生坟.谢土.立碑."},{"animals_year":"鸡","avoid":"开市.出行.栽种.置产.词讼.安门.掘井.开光.","data_type":14,"date":"2017-10-13","lunar":"八月廿四","lunar_year":"丁酉年","skip_url":"/h5","suit":"嫁娶.裁衣.冠笄.合帐.祭祀.出行.安床.移徙.塞穴.入殓.破土.移柩.安葬."},{"animals_year":"鸡","avoid":"出货财.开仓.动土.破土.安葬.行丧.伐木.开渠.栽种.","data_type":14,"date":"2017-10-14","lunar":"八月廿五","lunar_year":"丁酉年","skip_url":"/h5","suit":"祭祀.造车器.出行.修造.上梁.造屋.安门.安床.造畜椆栖.教牛马."},{"animals_year":"鸡","avoid":"造庙.嫁娶.掘井.栽种.造桥.作灶.动土.","data_type":14,"date":"2017-10-15","lunar":"八月廿六","lunar_year":"丁酉年","skip_url":"/h5","suit":"祭祀.开光.出行.解除.伐木.作梁.出火.拆卸.入宅.移徙.安床.修造.造畜椆栖.扫舍."},{"animals_year":"鸡","avoid":"入宅.上梁.斋醮.出火.谢土.","data_type":14,"date":"2017-10-16","lunar":"八月廿七","lunar_year":"丁酉年","skip_url":"/h5","suit":"纳采.订盟.开市.交易.立券.会亲友.纳畜.牧养.问名.移徙.解除.作厕.入学.起基.安床.开仓.出货财.安葬.启攒.入殓.除服.成服."},{"animals_year":"鸡","avoid":"嫁娶.开市.","data_type":14,"date":"2017-10-17","lunar":"八月廿八","lunar_year":"丁酉年","skip_url":"/h5","suit":"祭祀.平治道涂.余事勿取."},{"animals_year":"鸡","avoid":"开市.交易.祭祀.入宅.安葬.","data_type":14,"date":"2017-10-18","lunar":"八月廿九","lunar_year":"丁酉年","skip_url":"/h5","suit":"捕捉.畋猎.余事勿取."},{"animals_year":"鸡","avoid":"开市.破土.掘井.合寿木.","data_type":14,"date":"2017-10-19","lunar":"八月卅十","lunar_year":"丁酉年","skip_url":"/h5","suit":"嫁娶.纳采.订盟.祭祀.祈福.求嗣.斋醮.开光.安香.出火.造庙.移徙.出行.入宅.造庙.起基.竖柱.上梁.安床.纳畜.捕捉.纳婿.安葬."},{"animals_year":"鸡","avoid":"开市.嫁娶.","data_type":14,"date":"2017-10-20","lunar":"九月初一","lunar_year":"丁酉年","skip_url":"/h5","suit":"祭祀.沐浴.解除.破屋.坏垣.余事勿取."},{"animals_year":"鸡","avoid":"嫁娶.开市.入宅.祈福.安葬.","data_type":14,"date":"2017-10-21","lunar":"九月初二","lunar_year":"丁酉年","skip_url":"/h5","suit":"订盟.纳采.会亲友.交易.立券.纳财.栽种.纳畜.牧养."},{"animals_year":"鸡","avoid":"上梁.开光.造屋.架马.合寿木.","data_type":14,"date":"2017-10-22","lunar":"九月初三","lunar_year":"丁酉年","skip_url":"/h5","suit":"造车器.嫁娶.订盟.纳采.会亲友.祭祀.出行.开市.立券.移徙.入宅.破土.安葬."},{"animals_year":"鸡","avoid":"动土.破土.开市.安葬.","data_type":14,"date":"2017-10-23","lunar":"九月初四","lunar_year":"丁酉年","skip_url":"/h5","suit":"祭祀.作灶.纳财.捕捉.畋猎.余事勿取."},{"animals_year":"鸡","avoid":"开市.开仓.出货财.安床.安门.安葬.","data_type":14,"date":"2017-10-24","lunar":"九月初五","lunar_year":"丁酉年","skip_url":"/h5","suit":"嫁娶.订盟.纳采.祭祀.祈福.出行.求医.治病.出火.移徙.入宅."},{"animals_year":"鸡","avoid":"开光.嫁娶.会亲友.栽种.针灸.安葬.","data_type":14,"date":"2017-10-25","lunar":"九月初六","lunar_year":"丁酉年","skip_url":"/h5","suit":"冠笄.祭祀.沐浴.作灶.理发.整手足甲.扫舍.补垣.塞穴.入殓.破土.启攒."},{"animals_year":"鸡","avoid":"造庙.造船.动土.破土.安葬.","data_type":14,"date":"2017-10-26","lunar":"九月初七","lunar_year":"丁酉年","skip_url":"/h5","suit":"纳采.订盟.嫁娶.祭祀.祈福.求嗣.置产.求医.治病.开市.交易.立券.会亲友.移徙.竖柱.上梁.造屋.合脊.安门.放水.捕捉.纳畜."},{"animals_year":"鸡","avoid":"嫁娶.动土.破土.修坟.","data_type":14,"date":"2017-10-27","lunar":"九月初八","lunar_year":"丁酉年","skip_url":"/h5","suit":"出行.造车器.造畜椆栖.解除.冠笄.裁衣.作梁.雕刻.会亲友.移徙.入宅.安机械.造畜椆栖.开市.扫舍."},{"animals_year":"鸡","avoid":"移徙.入宅.出行.祈福.嫁娶.","data_type":14,"date":"2017-10-28","lunar":"九月初九","lunar_year":"丁酉年","skip_url":"/h5","suit":"沐浴.理发.冠笄.安床.开市.立券.会亲友.交易.纳财.结网.教牛马."},{"animals_year":"鸡","avoid":"嫁娶.开市.安床.掘井.","data_type":14,"date":"2017-10-29","lunar":"九月初十","lunar_year":"丁酉年","skip_url":"/h5","suit":"祭祀.造畜椆栖.修饰垣墙.平治道涂.余事勿取."},{"animals_year":"鸡","avoid":"嫁娶.祭祀.入宅.造屋.移徙.","data_type":14,"date":"2017-10-30","lunar":"九月十一","lunar_year":"丁酉年","skip_url":"/h5","suit":"捕捉.结网.入殓.除服.成服.移柩.破土.安葬.启攒.立碑."},{"animals_year":"鸡","avoid":"开光.嫁娶.掘井.伐木.作梁.","data_type":14,"date":"2017-10-31","lunar":"九月十二","lunar_year":"丁酉年","skip_url":"/h5","suit":"祭祀.祈福.求嗣.斋醮.造庙.出火.安机械.会亲友.开市.交易.立券.纳财.习艺.经络.求医.治病.开池.作厕.畋猎.结网.栽种.牧养.安葬.破土.启攒."},{"animals_year":"鸡","avoid":"开市.斋醮.安床.出行.经络.","data_type":14,"date":"2017-08-01","lunar":"闰六月初十","lunar_year":"丁酉年","skip_url":"/h5","suit":"移徙.入宅.治病.会亲友.祭祀.祈福.斋醮.安香.移徙.嫁娶.造屋.起基."},{"animals_year":"鸡","avoid":"","data_type":14,"date":"2017-08-02","lunar":"闰六月十一","lunar_year":"丁酉年","skip_url":"/h5","suit":"塑绘.出行.冠笄.嫁娶.进人口.裁衣.纳婿.造畜椆栖.交易.立券.牧养.开生坟.入殓.除服.成服.移柩.安葬.启攒."},{"animals_year":"鸡","avoid":"余事勿取.","data_type":14,"date":"2017-08-03","lunar":"闰六月十二","lunar_year":"丁酉年","skip_url":"/h5","suit":"祭祀.冠笄.嫁娶.捕捉.结网.畋猎.取渔.余事勿取."},{"animals_year":"鸡","avoid":"诸事不宜.","data_type":14,"date":"2017-08-04","lunar":"闰六月十三","lunar_year":"丁酉年","skip_url":"/h5","suit":"沐浴.扫舍.余事勿取."},{"animals_year":"鸡","avoid":"嫁娶.移徙.入宅.","data_type":14,"date":"2017-08-05","lunar":"闰六月十四","lunar_year":"丁酉年","skip_url":"/h5","suit":"纳采.祭祀.祈福.解除.动土.破土.安葬."},{"animals_year":"鸡","avoid":"诸事不宜.","data_type":14,"date":"2017-08-06","lunar":"闰六月十五","lunar_year":"丁酉年","skip_url":"/h5","suit":"祭祀.破屋.坏垣.余事勿取."},{"animals_year":"鸡","avoid":"祈福.纳采.订盟.嫁娶.入宅.安葬.","data_type":14,"date":"2017-08-07","lunar":"闰六月十六","lunar_year":"丁酉年","skip_url":"/h5","suit":"破屋.坏垣.治病.余事勿取."},{"animals_year":"鸡","avoid":"掘井.理发.作灶.动土.破土.开池.","data_type":14,"date":"2017-08-08","lunar":"闰六月十七","lunar_year":"丁酉年","skip_url":"/h5","suit":"嫁娶.开光.祭祀.祈福.求嗣.安香.出火.解除.伐木.入宅.移徙.安床.开市.交易.立券.栽种.出火.出行.安葬."},{"animals_year":"鸡","avoid":"入宅.嫁娶.掘井.牧养.","data_type":14,"date":"2017-08-09","lunar":"闰六月十八","lunar_year":"丁酉年","skip_url":"/h5","suit":"安机械.纳采.订盟.祭祀.祈福.求嗣.开光.普渡.出行.出火.拆卸.修造.动土.进人口.开市.交易.立券.移徙.安床.栽种.上梁.纳畜.破土.移柩.安葬."},{"animals_year":"鸡","avoid":"行丧.安葬.出行.作梁.纳畜.伐木.造桥.","data_type":14,"date":"2017-08-10","lunar":"闰六月十九","lunar_year":"丁酉年","skip_url":"/h5","suit":"嫁娶.祭祀.祈福.求嗣.裁衣.冠笄.经络.修造.进人口.安床.动土.竖柱.上梁.移徙.交易.立券.栽种.会亲友."},{"animals_year":"鸡","avoid":"入宅.上梁.入殓.造屋.探病.作灶.安门.安葬.纳畜.伐木.","data_type":14,"date":"2017-08-11","lunar":"闰六月廿十","lunar_year":"丁酉年","skip_url":"/h5","suit":"嫁娶.纳采.订盟.开光.祭祀.出行.理发.动土.安床.放水.开渠.栽种.进人口."},{"animals_year":"鸡","avoid":"嫁娶.入宅.斋醮.开光.针灸.掘井.","data_type":14,"date":"2017-08-12","lunar":"闰六月廿一","lunar_year":"丁酉年","skip_url":"/h5","suit":"祭祀.出行.作梁.出火.拆卸.修造.动土.起基.安床.补垣.塞穴.入殓.破土.安葬.移柩.造畜椆栖."},{"animals_year":"鸡","avoid":"栽种.掘井.动土.安床.破土.置产.","data_type":14,"date":"2017-08-13","lunar":"闰六月廿二","lunar_year":"丁酉年","skip_url":"/h5","suit":"嫁娶.纳采.订盟.祭祀.祈福.求嗣.出行.解除.竖柱.入宅.移徙.纳财.上梁.纳畜.入殓.安葬.启攒."},{"animals_year":"鸡","avoid":"出火.嫁娶.开光.进人口.出行.词讼.开市.入宅.移徙.赴任.","data_type":14,"date":"2017-08-14","lunar":"闰六月廿三","lunar_year":"丁酉年","skip_url":"/h5","suit":"解除.祭祀.祈福.求嗣.修造.动土.竖柱.上梁.安床.纳畜.造屋.合脊.起基.入殓.破土.安葬."},{"animals_year":"鸡","avoid":"开市.入宅.动土.破土.安葬.作灶.上梁.安床.开仓.祈福.","data_type":14,"date":"2017-08-15","lunar":"闰六月廿四","lunar_year":"丁酉年","skip_url":"/h5","suit":"沐浴.理发.会亲友.塑绘.开光.栽种.牧养.嫁娶.经络.补垣.塞穴."},{"animals_year":"鸡","avoid":"嫁娶.栽种.祈福.造桥.安葬.安门.伐木.作梁.","data_type":14,"date":"2017-08-16","lunar":"闰六月廿五","lunar_year":"丁酉年","skip_url":"/h5","suit":"祭祀.理发.作灶.沐浴.修饰垣墙.平治道涂."},{"animals_year":"鸡","avoid":"开市.立券.置产.作灶.造桥.","data_type":14,"date":"2017-08-17","lunar":"闰六月廿六","lunar_year":"丁酉年","skip_url":"/h5","suit":"嫁娶.纳采.订盟.祭祀.祈福.斋醮.普渡.移徙.入宅.出行.安机械.开光.修造.动土.竖柱.上梁.造屋.起基.定磉.安门.安葬.破土."},{"animals_year":"鸡","avoid":"开市.交易.入宅.嫁娶.","data_type":14,"date":"2017-08-18","lunar":"闰六月廿七","lunar_year":"丁酉年","skip_url":"/h5","suit":"祭祀.普渡.捕捉.解除.结网.畋猎.入殓.破土.安葬."},{"animals_year":"鸡","avoid":"斋醮.开市.","data_type":14,"date":"2017-08-19","lunar":"闰六月廿八","lunar_year":"丁酉年","skip_url":"/h5","suit":"沐浴.破屋.坏垣.余事勿取."},{"animals_year":"鸡","avoid":"动土.破土.嫁娶.掘井.安床.","data_type":14,"date":"2017-08-20","lunar":"闰六月廿九","lunar_year":"丁酉年","skip_url":"/h5","suit":"订盟.纳采.祭祀.祈福.安香.出火.开市.立券.入宅.挂匾.造桥.启攒.安葬."},{"animals_year":"鸡","avoid":"纳采.订盟.经络.行丧.安葬.探病.","data_type":14,"date":"2017-08-21","lunar":"闰六月卅十","lunar_year":"丁酉年","skip_url":"/h5","suit":"嫁娶.祭祀.祈福.斋醮.普渡.移徙.入宅.动土.治病.开市.交易.立券.开光.修造.造车器.安香.安床.捕捉.畋猎.结网."},{"animals_year":"鸡","avoid":"掘井.出行.破土.行丧.安葬.","data_type":14,"date":"2017-08-22","lunar":"七月初一","lunar_year":"丁酉年","skip_url":"/h5","suit":"嫁娶.订盟.纳采.作灶.冠笄.裁衣.会亲友.纳畜.牧养.安机械.开市.立券.纳财.安床."},{"animals_year":"鸡","avoid":"出火.入宅.造屋.安门.安葬.","data_type":14,"date":"2017-08-23","lunar":"七月初二","lunar_year":"丁酉年","skip_url":"/h5","suit":"嫁娶.订盟.纳采.祭祀.斋醮.普渡.解除.出行.会亲友.开市.纳财.修造.动土.竖柱.上梁.开光.开仓.出货财.纳畜.牧养.开池.破土.启攒."},{"animals_year":"鸡","avoid":"动土.破土.掘井.开光.上梁.词讼.","data_type":14,"date":"2017-08-24","lunar":"七月初三","lunar_year":"丁酉年","skip_url":"/h5","suit":"嫁娶.普渡.祭祀.祈福.补垣.塞穴.断蚁.筑堤.入殓.除服.成服.安葬."},{"animals_year":"鸡","avoid":"开市.动土.破土.安床.开仓.上梁.","data_type":14,"date":"2017-08-25","lunar":"七月初四","lunar_year":"丁酉年","skip_url":"/h5","suit":"嫁娶.冠笄.祭祀.沐浴.普渡.出行.纳财.扫舍.纳畜.赴任."},{"animals_year":"鸡","avoid":"嫁娶.出行.入宅.开市.安门.","data_type":14,"date":"2017-08-26","lunar":"七月初五","lunar_year":"丁酉年","skip_url":"/h5","suit":"祭祀.沐浴.理发.整手足甲.冠笄.解除.入殓.移柩.破土.启攒.安葬."},{"animals_year":"鸡","avoid":"祈福.开市.动土.行丧.安葬.","data_type":14,"date":"2017-08-27","lunar":"七月初六","lunar_year":"丁酉年","skip_url":"/h5","suit":"塑绘.冠笄.嫁娶.会亲友.进人口.经络.裁衣.栽种.纳畜.牧养.补垣.塞穴.捕捉."},{"animals_year":"鸡","avoid":"嫁娶.安门.动土.安葬.","data_type":14,"date":"2017-08-28","lunar":"七月初七","lunar_year":"丁酉年","skip_url":"/h5","suit":"出行.沐浴.订盟.纳采.裁衣.竖柱.上梁.移徙.纳畜.牧养."},{"animals_year":"鸡","avoid":"开市.立券.纳财.作灶.","data_type":14,"date":"2017-08-29","lunar":"七月初八","lunar_year":"丁酉年","skip_url":"/h5","suit":"纳采.订盟.嫁娶.祭祀.祈福.普渡.开光.安香.出火.移徙.入宅.竖柱.修造.动土.竖柱.上梁.起基.造屋.安门.造庙.造桥.破土.启攒.安葬."},{"animals_year":"鸡","avoid":"嫁娶.纳采.订盟.开市.入宅.","data_type":14,"date":"2017-08-30","lunar":"七月初九","lunar_year":"丁酉年","skip_url":"/h5","suit":"祭祀.捕捉.畋猎.纳畜.牧养.入殓.除服.成服.移柩.破土.安葬.启攒."},{"animals_year":"鸡","avoid":"行丧.安葬.","data_type":14,"date":"2017-08-31","lunar":"七月初十","lunar_year":"丁酉年","skip_url":"/h5","suit":"破屋.坏垣.治病.余事勿取."}]